bundleID,bundleStatus,title,details,quantity,rrp,discountedPrice,sellerID,purchaserID,expiryDate,pickupWindow
1,onsale,Cake Bundle,Slices of delicious cake that are too delicious to waste.,2,16,4,1,NULL,2024-11-16,15:00-16:00
2,offsale,Wrap Bundle,Collect three freshly made wraps made for you by Comida.,0,36,9,2,NULL,2024-11-16,15:00-16:00
3,onsale,Cake Bundle,Slices of delicious cake that are too delicious to waste.,3,16,4,3,NULL,2024-11-16,15:00-16:00
4,offsale,Cake Bundle,Slices of delicious cake that are too delicious to waste.,0,16,4,4,NULL,2024-11-16,15:00-16:00
5,onsale,Cake Bundle,Slices of delicious cake that are too delicious to waste.,2,16,4,5,NULL,2024-11-16,15:00-16:00
6,offsale,Dish of the Day Bundle,Collect a serving of the Dish of the Day for only £1,0,2.35,1,6,NULL,2024-11-16,15:00-16:00
7,onsale,Cooked Breakfast Bundle,"Collect various breakfast foods including sausages, hash browns, and bacon.",3,15,5,7,NULL,2024-11-16,18:00-19:00
8,offsale,Brownie Bundle,Collect 4 delicious chocolate brownie slices.,0,16,8,8,NULL,2024-11-16,18:00-19:00
9,onsale,Pasties & Pies,A delicious assortment of freshly-baked pasties and pies.,2,16,8,9,NULL,2024-11-16,18:00-19:00
10,offsale,Sandwiches & Baguettes,A delicious assortment of freshly-made sandwiches and baguettes,0,13,6.5,10,NULL,2024-11-16,18:00-19:00
11,onsale,Meal Deal Bundle,Collect a freshly-made sandwich along with a snack and a soft drink.,3,5,2.5,11,NULL,2024-12-16,15:00-16:00
12,offsale,Hot Food Bundle,Collect a delicious assortment of hot food including pizzas and burgers,0,30,10,12,NULL,2024-12-16,15:00-16:00
13,onsale,Hot Food Bundle,Collect a delicious assortment of hot food including pizzas and burgers,2,30,10,13,NULL,2024-12-16,15:00-16:00
14,offsale,Sandwiches & Baguettes,A delicious assortment of freshly-made sandwiches and baguettes,0,12,6,14,NULL,2024-12-16,15:00-16:00
15,onsale,Cake Bundle,Slices of delicious cake that are too delicious to waste.,3,16,4,15,NULL,2024-12-16,15:00-16:00
16,offsale,Groceries Bundle,"A delicious selection of fresh fruit, vegetables, bakery produce, and meat.",0,15,7.5,16,NULL,2024-12-16,14:00-15:00
17,onsale,Groceries Bundle,"A delicious selection of fresh fruit, vegetables, bakery produce, and meat.",2,15,7.5,17,NULL,2024-12-16,15:00-16:00
18,offsale,Groceries Bundle,"A delicious selection of fresh fruit, vegetables, bakery produce, and meat.",0,15,7.5,18,NULL,2024-12-16,15:00-16:00
19,onsale,Groceries Bundle,"A delicious selection of fresh fruit, vegetables, bakery produce, and meat.",3,15,7.5,19,NULL,2024-12-16,15:00-16:00
20,offsale,Groceries Bundle,"A delicious selection of fresh fruit, vegetables, bakery produce, and meat.",0,15,7.5,20,NULL,2024-12-16,15:00-16:00
21,onsale,Breakfast Bundle,A delicious selection of croissants and pan au chocolats.,2,12,6,21,NULL,2025-01-16,15:00-16:00
22,offsale,Sushi Bundle,A delicious selection of freshly-made sushi.,0,18,9,22,NULL,2025-01-16,15:00-16:00
23,onsale,Lunch Bundle,"Collect a freshly-made sandwich, a panini, and a baguette.",3,9,3,23,NULL,2025-01-16,15:00-16:00
24,offsale,Cake Bundle,Slices of delicious cake that are too delicious to waste.,0,12,4,24,NULL,2025-01-16,15:00-16:00
25,onsale,Breakfast Bundle,A delicious selection of croissants and pan au chocolats.,2,12,6,25,NULL,2025-01-16,15:00-16:00
26,offsale,Breakfast Bundle,A delicious selection of croissants and pan au chocolats.,0,12,6,26,NULL,2025-01-16,18:00-19:00
27,onsale,Groceries Bundle,"A delicious selection of fresh fruit, vegetables, bakery produce, and meat.",3,16,4,27,NULL,2025-01-16,18:00-19:00
28,offsale,Groceries Bundle,"A delicious selection of fresh fruit, vegetables, bakery produce, and meat.",0,18,6,28,NULL,2025-01-16,18:00-19:00
29,onsale,Groceries Bundle,"A delicious selection of fresh fruit, vegetables, bakery produce, and meat.",2,12,4,29,NULL,2025-01-16,18:00-19:00
30,offsale,Groceries Bundle,"A delicious selection of fresh fruit, vegetables, bakery produce, and meat.",0,12,4,30,NULL,2025-01-16,18:00-19:00
31,onsale,Cake Bundle,Slices of delicious cake that are too delicious to waste.,3,16,4,1,NULL,2025-02-16,15:00-16:00
32,offsale,Wrap Bundle,Collect three freshly made wraps made for you by Comida.,0,36,9,2,NULL,2025-02-16,15:00-16:00
33,onsale,Cake Bundle,Slices of delicious cake that are too delicious to waste.,2,16,4,3,NULL,2025-02-16,15:00-16:00
34,offsale,Cake Bundle,Slices of delicious cake that are too delicious to waste.,0,16,4,4,NULL,2025-02-16,15:00-16:00
35,onsale,Cake Bundle,Slices of delicious cake that are too delicious to waste.,3,16,4,5,NULL,2025-02-16,15:00-16:00
36,offsale,Dish of the Day Bundle,Collect a serving of the Dish of the Day for only £1,0,2.35,1,6,NULL,2025-02-16,15:00-16:00
37,onsale,Cooked Breakfast Bundle,"Collect various breakfast foods including sausages, hash browns, and bacon.",2,15,5,7,NULL,2025-02-16,18:00-19:00
38,offsale,Brownie Bundle,Collect 4 delicious chocolate brownie slices.,0,16,8,8,NULL,2025-02-16,18:00-19:00
39,onsale,Pasties & Pies,A delicious assortment of freshly-baked pasties and pies.,3,16,8,9,NULL,2025-02-16,18:00-19:00
40,offsale,Sandwiches & Baguettes,A delicious assortment of freshly-made sandwiches and baguettes,0,13,6.5,10,NULL,2025-02-16,18:00-19:00
41,onsale,Meal Deal Bundle,Collect a freshly-made sandwich along with a snack and a soft drink.,2,5,2.5,11,NULL,2025-03-16,15:00-16:00
42,offsale,Hot Food Bundle,Collect a delicious assortment of hot food including pizzas and burgers,0,30,10,12,NULL,2025-03-16,15:00-16:00
43,onsale,Hot Food Bundle,Collect a delicious assortment of hot food including pizzas and burgers,3,30,10,13,NULL,2025-03-16,15:00-16:00
44,offsale,Sandwiches & Baguettes,A delicious assortment of freshly-made sandwiches and baguettes,0,12,6,14,NULL,2025-03-16,15:00-16:00
45,onsale,Cake Bundle,Slices of delicious cake that are too delicious to waste.,2,16,4,15,NULL,2025-03-16,15:00-16:00
46,offsale,Groceries Bundle,"A delicious selection of fresh fruit, vegetables, bakery produce, and meat.",0,15,7.5,16,NULL,2025-03-16,14:00-15:00
47,onsale,Groceries Bundle,"A delicious selection of fresh fruit, vegetables, bakery produce, and meat.",3,15,7.5,17,NULL,2025-03-16,15:00-16:00
48,offsale,Groceries Bundle,"A delicious selection of fresh fruit, vegetables, bakery produce, and meat.",0,15,7.5,18,NULL,2025-03-16,15:00-16:00
49,onsale,Groceries Bundle,"A delicious selection of fresh fruit, vegetables, bakery produce, and meat.",2,15,7.5,19,NULL,2025-03-16,15:00-16:00
50,offsale,Groceries Bundle,"A delicious selection of fresh fruit, vegetables, bakery produce, and meat.",0,15,7.5,20,NULL,2025-03-16,15:00-16:00
51,onsale,Breakfast Bundle,A delicious selection of croissants and pan au chocolats.,3,12,6,21,NULL,2025-04-16,15:00-16:00
52,offsale,Sushi Bundle,A delicious selection of freshly-made sushi.,0,18,9,22,NULL,2025-04-16,15:00-16:00
53,onsale,Lunch Bundle,"Collect a freshly-made sandwich, a panini, and a baguette.",2,9,3,23,NULL,2025-04-16,15:00-16:00
54,offsale,Cake Bundle,Slices of delicious cake that are too delicious to waste.,0,12,4,24,NULL,2025-04-16,15:00-16:00
55,onsale,Breakfast Bundle,A delicious selection of croissants and pan au chocolats.,3,12,6,25,NULL,2025-04-16,15:00-16:00
56,offsale,Breakfast Bundle,A delicious selection of croissants and pan au chocolats.,0,12,6,26,NULL,2025-04-16,18:00-19:00
57,onsale,Groceries Bundle,"A delicious selection of fresh fruit, vegetables, bakery produce, and meat.",2,16,4,27,NULL,2025-04-16,18:00-19:00
58,offsale,Groceries Bundle,"A delicious selection of fresh fruit, vegetables, bakery produce, and meat.",0,18,6,28,NULL,2025-04-16,18:00-19:00
59,onsale,Groceries Bundle,"A delicious selection of fresh fruit, vegetables, bakery produce, and meat.",3,12,4,29,NULL,2025-04-16,18:00-19:00
60,offsale,Groceries Bundle,"A delicious selection of fresh fruit, vegetables, bakery produce, and meat.",0,12,4,30,NULL,2025-04-16,18:00-19:00
61,onsale,Cake Bundle,Slices of delicious cake that are too delicious to waste.,2,16,4,1,NULL,2025-05-16,15:00-16:00
62,offsale,Wrap Bundle,Collect three freshly made wraps made for you by Comida.,0,36,9,2,NULL,2025-05-16,15:00-16:00
63,onsale,Cake Bundle,Slices of delicious cake that are too delicious to waste.,3,16,4,3,NULL,2025-05-16,15:00-16:00
64,offsale,Cake Bundle,Slices of delicious cake that are too delicious to waste.,0,16,4,4,NULL,2025-05-16,15:00-16:00
65,onsale,Cake Bundle,Slices of delicious cake that are too delicious to waste.,2,16,4,5,NULL,2025-05-16,15:00-16:00
66,offsale,Dish of the Day Bundle,Collect a serving of the Dish of the Day for only £1,0,2.35,1,6,NULL,2025-05-16,15:00-16:00
67,onsale,Cooked Breakfast Bundle,"Collect various breakfast foods including sausages, hash browns, and bacon.",3,15,5,7,NULL,2025-05-16,18:00-19:00
68,offsale,Brownie Bundle,Collect 4 delicious chocolate brownie slices.,0,16,8,8,NULL,2025-05-16,18:00-19:00
69,onsale,Pasties & Pies,A delicious assortment of freshly-baked pasties and pies.,2,16,8,9,NULL,2025-05-16,18:00-19:00
70,offsale,Sandwiches & Baguettes,A delicious assortment of freshly-made sandwiches and baguettes,0,13,6.5,10,NULL,2025-05-16,18:00-19:00
71,onsale,Meal Deal Bundle,Collect a freshly-made sandwich along with a snack and a soft drink.,3,5,2.5,11,NULL,2025-06-16,15:00-16:00
72,offsale,Hot Food Bundle,Collect a delicious assortment of hot food including pizzas and burgers,0,30,10,12,NULL,2025-06-16,15:00-16:00
73,onsale,Hot Food Bundle,Collect a delicious assortment of hot food including pizzas and burgers,2,30,10,13,NULL,2025-06-16,15:00-16:00
74,offsale,Sandwiches & Baguettes,A delicious assortment of freshly-made sandwiches and baguettes,0,12,6,14,NULL,2025-06-16,15:00-16:00
75,onsale,Cake Bundle,Slices of delicious cake that are too delicious to waste.,3,16,4,15,NULL,2025-06-16,15:00-16:00
76,offsale,Groceries Bundle,"A delicious selection of fresh fruit, vegetables, bakery produce, and meat.",0,15,7.5,16,NULL,2025-06-16,14:00-15:00
77,onsale,Groceries Bundle,"A delicious selection of fresh fruit, vegetables, bakery produce, and meat.",2,15,7.5,17,NULL,2025-06-16,15:00-16:00
78,offsale,Groceries Bundle,"A delicious selection of fresh fruit, vegetables, bakery produce, and meat.",0,15,7.5,18,NULL,2025-06-16,15:00-16:00
79,onsale,Groceries Bundle,"A delicious selection of fresh fruit, vegetables, bakery produce, and meat.",3,15,7.5,19,NULL,2025-06-16,15:00-16:00
80,offsale,Groceries Bundle,"A delicious selection of fresh fruit, vegetables, bakery produce, and meat.",0,15,7.5,20,NULL,2025-06-16,15:00-16:00
81,onsale,Breakfast Bundle,A delicious selection of croissants and pan au chocolats.,2,12,6,21,NULL,2025-07-16,15:00-16:00
82,offsale,Sushi Bundle,A delicious selection of freshly-made sushi.,0,18,9,22,NULL,2025-07-16,15:00-16:00
83,onsale,Lunch Bundle,"Collect a freshly-made sandwich, a panini, and a baguette.",3,9,3,23,NULL,2025-07-16,15:00-16:00
84,offsale,Cake Bundle,Slices of delicious cake that are too delicious to waste.,0,12,4,24,NULL,2025-07-16,15:00-16:00
85,onsale,Breakfast Bundle,A delicious selection of croissants and pan au chocolats.,2,12,6,25,NULL,2025-07-16,15:00-16:00
86,offsale,Breakfast Bundle,A delicious selection of croissants and pan au chocolats.,0,12,6,26,NULL,2025-07-16,18:00-19:00
87,onsale,Groceries Bundle,"A delicious selection of fresh fruit, vegetables, bakery produce, and meat.",3,16,4,27,NULL,2025-07-16,18:00-19:00
88,offsale,Groceries Bundle,"A delicious selection of fresh fruit, vegetables, bakery produce, and meat.",0,18,6,28,NULL,2025-07-16,18:00-19:00
89,onsale,Groceries Bundle,"A delicious selection of fresh fruit, vegetables, bakery produce, and meat.",2,12,4,29,NULL,2025-07-16,18:00-19:00
90,offsale,Groceries Bundle,"A delicious selection of fresh fruit, vegetables, bakery produce, and meat.",0,12,4,30,NULL,2025-07-16,18:00-19:00
91,onsale,Cake Bundle,Slices of delicious cake that are too delicious to waste.,3,16,4,1,NULL,2025-08-16,15:00-16:00
92,offsale,Wrap Bundle,Collect three freshly made wraps made for you by Comida.,0,36,9,2,NULL,2025-08-16,15:00-16:00
93,onsale,Cake Bundle,Slices of delicious cake that are too delicious to waste.,2,16,4,3,NULL,2025-08-16,15:00-16:00
94,offsale,Cake Bundle,Slices of delicious cake that are too delicious to waste.,0,16,4,4,NULL,2025-08-16,15:00-16:00
95,onsale,Cake Bundle,Slices of delicious cake that are too delicious to waste.,3,16,4,5,NULL,2025-08-16,15:00-16:00
96,offsale,Dish of the Day Bundle,Collect a serving of the Dish of the Day for only £1,0,2.35,1,6,NULL,2025-08-16,15:00-16:00
97,onsale,Cooked Breakfast Bundle,"Collect various breakfast foods including sausages, hash browns, and bacon.",2,15,5,7,NULL,2025-08-16,18:00-19:00
98,offsale,Brownie Bundle,Collect 4 delicious chocolate brownie slices.,0,16,8,8,NULL,2025-08-16,18:00-19:00
99,onsale,Pasties & Pies,A delicious assortment of freshly-baked pasties and pies.,3,16,8,9,NULL,2025-08-16,18:00-19:00
100,offsale,Sandwiches & Baguettes,A delicious assortment of freshly-made sandwiches and baguettes,0,13,6.5,10,NULL,2025-08-16,18:00-19:00
101,onsale,Meal Deal Bundle,Collect a freshly-made sandwich along with a snack and a soft drink.,2,5,2.5,11,NULL,2025-09-16,15:00-16:00
102,offsale,Hot Food Bundle,Collect a delicious assortment of hot food including pizzas and burgers,0,30,10,12,NULL,2025-09-16,15:00-16:00
103,onsale,Hot Food Bundle,Collect a delicious assortment of hot food including pizzas and burgers,3,30,10,13,NULL,2025-09-16,15:00-16:00
104,offsale,Sandwiches & Baguettes,A delicious assortment of freshly-made sandwiches and baguettes,0,12,6,14,NULL,2025-09-16,15:00-16:00
105,onsale,Cake Bundle,Slices of delicious cake that are too delicious to waste.,2,16,4,15,NULL,2025-09-16,15:00-16:00
106,offsale,Groceries Bundle,"A delicious selection of fresh fruit, vegetables, bakery produce, and meat.",0,15,7.5,16,NULL,2025-09-16,14:00-15:00
107,onsale,Groceries Bundle,"A delicious selection of fresh fruit, vegetables, bakery produce, and meat.",3,15,7.5,17,NULL,2025-09-16,15:00-16:00
108,offsale,Groceries Bundle,"A delicious selection of fresh fruit, vegetables, bakery produce, and meat.",0,15,7.5,18,NULL,2025-09-16,15:00-16:00
109,onsale,Groceries Bundle,"A delicious selection of fresh fruit, vegetables, bakery produce, and meat.",2,15,7.5,19,NULL,2025-09-16,15:00-16:00
110,offsale,Groceries Bundle,"A delicious selection of fresh fruit, vegetables, bakery produce, and meat.",0,15,7.5,20,NULL,2025-09-16,15:00-16:00
111,onsale,Breakfast Bundle,A delicious selection of croissants and pan au chocolats.,3,12,6,21,NULL,2025-09-16,15:00-16:00
112,offsale,Sushi Bundle,A delicious selection of freshly-made sushi.,0,18,9,22,NULL,2025-09-16,15:00-16:00
113,onsale,Lunch Bundle,"Collect a freshly-made sandwich, a panini, and a baguette.",2,9,3,23,NULL,2025-09-16,15:00-16:00
114,offsale,Cake Bundle,Slices of delicious cake that are too delicious to waste.,0,12,4,24,NULL,2025-09-16,15:00-16:00
115,onsale,Breakfast Bundle,A delicious selection of croissants and pan au chocolats.,3,12,6,25,NULL,2025-09-16,15:00-16:00
116,offsale,Breakfast Bundle,A delicious selection of croissants and pan au chocolats.,0,12,6,26,NULL,2025-09-16,18:00-19:00
117,onsale,Groceries Bundle,"A delicious selection of fresh fruit, vegetables, bakery produce, and meat.",2,16,4,27,NULL,2025-09-16,18:00-19:00
118,offsale,Groceries Bundle,"A delicious selection of fresh fruit, vegetables, bakery produce, and meat.",0,18,6,28,NULL,2025-09-16,18:00-19:00
119,onsale,Groceries Bundle,"A delicious selection of fresh fruit, vegetables, bakery produce, and meat.",3,12,4,29,NULL,2025-09-16,18:00-19:00
120,offsale,Groceries Bundle,"A delicious selection of fresh fruit, vegetables, bakery produce, and meat.",0,12,4,30,NULL,2025-09-16,18:00-19:00
121,onsale,Cake Bundle,Slices of delicious cake that are too delicious to waste.,2,16,4,1,NULL,2025-09-16,15:00-16:00
122,offsale,Wrap Bundle,Collect three freshly made wraps made for you by Comida.,0,36,9,2,NULL,2025-09-16,15:00-16:00
123,onsale,Cake Bundle,Slices of delicious cake that are too delicious to waste.,3,16,4,3,NULL,2025-09-16,15:00-16:00
124,offsale,Cake Bundle,Slices of delicious cake that are too delicious to waste.,0,16,4,4,NULL,2025-09-16,15:00-16:00
125,onsale,Cake Bundle,Slices of delicious cake that are too delicious to waste.,2,16,4,5,NULL,2025-09-16,15:00-16:00
126,offsale,Dish of the Day Bundle,Collect a serving of the Dish of the Day for only £1,0,2.35,1,6,NULL,2025-09-16,15:00-16:00
127,onsale,Cooked Breakfast Bundle,"Collect various breakfast foods including sausages, hash browns, and bacon.",3,15,5,7,NULL,2025-09-16,18:00-19:00
128,offsale,Brownie Bundle,Collect 4 delicious chocolate brownie slices.,0,16,8,8,NULL,2025-09-16,18:00-19:00
129,onsale,Pasties & Pies,A delicious assortment of freshly-baked pasties and pies.,2,16,8,9,NULL,2025-09-16,18:00-19:00
130,offsale,Sandwiches & Baguettes,A delicious assortment of freshly-made sandwiches and baguettes,0,13,6.5,10,NULL,2025-09-16,18:00-19:00
131,onsale,Meal Deal Bundle,Collect a freshly-made sandwich along with a snack and a soft drink.,3,5,2.5,11,NULL,2025-09-16,15:00-16:00
132,offsale,Hot Food Bundle,Collect a delicious assortment of hot food including pizzas and burgers,0,30,10,12,NULL,2025-10-16,15:00-16:00
133,onsale,Hot Food Bundle,Collect a delicious assortment of hot food including pizzas and burgers,2,30,10,13,NULL,2025-10-16,15:00-16:00
134,offsale,Sandwiches & Baguettes,A delicious assortment of freshly-made sandwiches and baguettes,0,12,6,14,NULL,2025-10-16,15:00-16:00
135,onsale,Cake Bundle,Slices of delicious cake that are too delicious to waste.,3,16,4,15,NULL,2025-10-16,15:00-16:00
136,offsale,Groceries Bundle,"A delicious selection of fresh fruit, vegetables, bakery produce, and meat.",0,15,7.5,16,NULL,2025-10-16,14:00-15:00
137,onsale,Groceries Bundle,"A delicious selection of fresh fruit, vegetables, bakery produce, and meat.",2,15,7.5,17,NULL,2025-10-16,15:00-16:00
138,offsale,Groceries Bundle,"A delicious selection of fresh fruit, vegetables, bakery produce, and meat.",0,15,7.5,18,NULL,2025-10-16,15:00-16:00
139,onsale,Groceries Bundle,"A delicious selection of fresh fruit, vegetables, bakery produce, and meat.",3,15,7.5,19,NULL,2025-10-16,15:00-16:00
140,offsale,Groceries Bundle,"A delicious selection of fresh fruit, vegetables, bakery produce, and meat.",0,15,7.5,20,NULL,2025-10-16,15:00-16:00
141,onsale,Breakfast Bundle,A delicious selection of croissants and pan au chocolats.,2,12,6,21,NULL,2025-10-16,15:00-16:00
142,offsale,Sushi Bundle,A delicious selection of freshly-made sushi.,0,18,9,22,NULL,2025-10-16,15:00-16:00
143,onsale,Lunch Bundle,"Collect a freshly-made sandwich, a panini, and a baguette.",3,9,3,23,NULL,2025-10-16,15:00-16:00
144,offsale,Cake Bundle,Slices of delicious cake that are too delicious to waste.,0,12,4,24,NULL,2025-10-16,15:00-16:00
145,onsale,Breakfast Bundle,A delicious selection of croissants and pan au chocolats.,2,12,6,25,NULL,2025-10-16,15:00-16:00
146,offsale,Breakfast Bundle,A delicious selection of croissants and pan au chocolats.,0,12,6,26,NULL,2025-10-16,18:00-19:00
147,onsale,Groceries Bundle,"A delicious selection of fresh fruit, vegetables, bakery produce, and meat.",3,16,4,27,NULL,2025-10-16,18:00-19:00
148,offsale,Groceries Bundle,"A delicious selection of fresh fruit, vegetables, bakery produce, and meat.",0,18,6,28,NULL,2025-10-16,18:00-19:00
149,onsale,Groceries Bundle,"A delicious selection of fresh fruit, vegetables, bakery produce, and meat.",2,12,4,29,NULL,2025-10-16,18:00-19:00
150,offsale,Groceries Bundle,"A delicious selection of fresh fruit, vegetables, bakery produce, and meat.",0,12,4,30,NULL,2025-10-16,18:00-19:00
151,onsale,Cake Bundle,Slices of delicious cake that are too delicious to waste.,3,16,4,1,NULL,2025-10-16,15:00-16:00
152,offsale,Wrap Bundle,Collect three freshly made wraps made for you by Comida.,0,36,9,2,NULL,2025-10-16,15:00-16:00
153,onsale,Cake Bundle,Slices of delicious cake that are too delicious to waste.,2,16,4,3,NULL,2025-10-16,15:00-16:00
154,offsale,Cake Bundle,Slices of delicious cake that are too delicious to waste.,0,16,4,4,NULL,2025-10-16,15:00-16:00
155,onsale,Cake Bundle,Slices of delicious cake that are too delicious to waste.,3,16,4,5,NULL,2025-10-16,15:00-16:00
156,offsale,Dish of the Day Bundle,Collect a serving of the Dish of the Day for only £1,0,2.35,1,6,NULL,2025-10-16,15:00-16:00
157,onsale,Cooked Breakfast Bundle,"Collect various breakfast foods including sausages, hash browns, and bacon.",2,15,5,7,NULL,2025-10-16,18:00-19:00
158,offsale,Brownie Bundle,Collect 4 delicious chocolate brownie slices.,0,16,8,8,NULL,2025-10-16,18:00-19:00
159,onsale,Pasties & Pies,A delicious assortment of freshly-baked pasties and pies.,3,16,8,9,NULL,2025-10-16,18:00-19:00
160,offsale,Sandwiches & Baguettes,A delicious assortment of freshly-made sandwiches and baguettes,0,13,6.5,10,NULL,2025-10-16,18:00-19:00
161,onsale,Meal Deal Bundle,Collect a freshly-made sandwich along with a snack and a soft drink.,2,5,2.5,11,NULL,2025-11-16,15:00-16:00
162,offsale,Hot Food Bundle,Collect a delicious assortment of hot food including pizzas and burgers,0,30,10,12,NULL,2025-11-16,15:00-16:00
163,onsale,Hot Food Bundle,Collect a delicious assortment of hot food including pizzas and burgers,3,30,10,13,NULL,2025-11-16,15:00-16:00
164,offsale,Sandwiches & Baguettes,A delicious assortment of freshly-made sandwiches and baguettes,0,12,6,14,NULL,2025-11-16,15:00-16:00
165,onsale,Cake Bundle,Slices of delicious cake that are too delicious to waste.,2,16,4,15,NULL,2025-11-16,15:00-16:00
166,offsale,Groceries Bundle,"A delicious selection of fresh fruit, vegetables, bakery produce, and meat.",0,15,7.5,16,NULL,2025-11-16,14:00-15:00
167,onsale,Groceries Bundle,"A delicious selection of fresh fruit, vegetables, bakery produce, and meat.",3,15,7.5,17,NULL,2025-11-16,15:00-16:00
168,offsale,Groceries Bundle,"A delicious selection of fresh fruit, vegetables, bakery produce, and meat.",0,15,7.5,18,NULL,2025-11-16,15:00-16:00
169,onsale,Groceries Bundle,"A delicious selection of fresh fruit, vegetables, bakery produce, and meat.",2,15,7.5,19,NULL,2025-11-16,15:00-16:00
170,offsale,Groceries Bundle,"A delicious selection of fresh fruit, vegetables, bakery produce, and meat.",0,15,7.5,20,NULL,2025-11-16,15:00-16:00
171,onsale,Breakfast Bundle,A delicious selection of croissants and pan au chocolats.,3,12,6,21,NULL,2025-11-16,15:00-16:00
172,offsale,Sushi Bundle,A delicious selection of freshly-made sushi.,0,18,9,22,NULL,2025-11-16,15:00-16:00
173,onsale,Lunch Bundle,"Collect a freshly-made sandwich, a panini, and a baguette.",2,9,3,23,NULL,2025-11-16,15:00-16:00
174,offsale,Cake Bundle,Slices of delicious cake that are too delicious to waste.,0,12,4,24,NULL,2025-11-16,15:00-16:00
175,onsale,Breakfast Bundle,A delicious selection of croissants and pan au chocolats.,3,12,6,25,NULL,2025-11-16,15:00-16:00
176,offsale,Breakfast Bundle,A delicious selection of croissants and pan au chocolats.,0,12,6,26,NULL,2025-11-16,18:00-19:00
177,onsale,Groceries Bundle,"A delicious selection of fresh fruit, vegetables, bakery produce, and meat.",2,16,4,27,NULL,2025-11-16,18:00-19:00
178,offsale,Groceries Bundle,"A delicious selection of fresh fruit, vegetables, bakery produce, and meat.",0,18,6,28,NULL,2025-11-16,18:00-19:00
179,onsale,Groceries Bundle,"A delicious selection of fresh fruit, vegetables, bakery produce, and meat.",3,12,4,29,NULL,2025-11-16,18:00-19:00
180,offsale,Groceries Bundle,"A delicious selection of fresh fruit, vegetables, bakery produce, and meat.",0,12,4,30,NULL,2025-11-16,18:00-19:00
181,onsale,Cake Bundle,Slices of delicious cake that are too delicious to waste.,2,16,4,1,NULL,2025-11-16,15:00-16:00
182,offsale,Wrap Bundle,Collect three freshly made wraps made for you by Comida.,0,36,9,2,NULL,2025-11-16,15:00-16:00
183,onsale,Cake Bundle,Slices of delicious cake that are too delicious to waste.,3,16,4,3,NULL,2025-11-16,15:00-16:00
184,offsale,Cake Bundle,Slices of delicious cake that are too delicious to waste.,0,16,4,4,NULL,2025-11-16,15:00-16:00
185,onsale,Cake Bundle,Slices of delicious cake that are too delicious to waste.,2,16,4,5,NULL,2025-11-16,15:00-16:00
186,offsale,Dish of the Day Bundle,Collect a serving of the Dish of the Day for only £1,0,2.35,1,6,NULL,2025-11-16,15:00-16:00
187,onsale,Cooked Breakfast Bundle,"Collect various breakfast foods including sausages, hash browns, and bacon.",3,15,5,7,NULL,2025-11-16,18:00-19:00
188,offsale,Brownie Bundle,Collect 4 delicious chocolate brownie slices.,0,16,8,8,NULL,2025-11-16,18:00-19:00
189,onsale,Pasties & Pies,A delicious assortment of freshly-baked pasties and pies.,2,16,8,9,NULL,2025-11-16,18:00-19:00
190,offsale,Sandwiches & Baguettes,A delicious assortment of freshly-made sandwiches and baguettes,0,13,6.5,10,NULL,2025-11-16,18:00-19:00
191,onsale,Meal Deal Bundle,Collect a freshly-made sandwich along with a snack and a soft drink.,3,5,2.5,11,NULL,2025-12-16,15:00-16:00
192,offsale,Hot Food Bundle,Collect a delicious assortment of hot food including pizzas and burgers,0,30,10,12,NULL,2025-12-16,15:00-16:00
193,onsale,Hot Food Bundle,Collect a delicious assortment of hot food including pizzas and burgers,2,30,10,13,NULL,2025-12-16,15:00-16:00
194,offsale,Sandwiches & Baguettes,A delicious assortment of freshly-made sandwiches and baguettes,0,12,6,14,NULL,2025-12-16,15:00-16:00
195,onsale,Cake Bundle,Slices of delicious cake that are too delicious to waste.,3,16,4,15,NULL,2025-12-16,15:00-16:00
196,offsale,Groceries Bundle,"A delicious selection of fresh fruit, vegetables, bakery produce, and meat.",0,15,7.5,16,NULL,2025-12-16,14:00-15:00
197,onsale,Groceries Bundle,"A delicious selection of fresh fruit, vegetables, bakery produce, and meat.",2,15,7.5,17,NULL,2025-12-16,15:00-16:00
198,offsale,Groceries Bundle,"A delicious selection of fresh fruit, vegetables, bakery produce, and meat.",0,15,7.5,18,NULL,2025-12-16,15:00-16:00
199,onsale,Groceries Bundle,"A delicious selection of fresh fruit, vegetables, bakery produce, and meat.",3,15,7.5,19,NULL,2025-12-16,15:00-16:00
200,offsale,Groceries Bundle,"A delicious selection of fresh fruit, vegetables, bakery produce, and meat.",0,15,7.5,20,NULL,2025-12-16,15:00-16:00
201,onsale,Breakfast Bundle,A delicious selection of croissants and pan au chocolats.,2,12,6,21,NULL,2025-12-16,15:00-16:00
202,offsale,Sushi Bundle,A delicious selection of freshly-made sushi.,0,18,9,22,NULL,2025-12-16,15:00-16:00
203,onsale,Lunch Bundle,"Collect a freshly-made sandwich, a panini, and a baguette.",3,9,3,23,NULL,2025-12-16,15:00-16:00
204,offsale,Cake Bundle,Slices of delicious cake that are too delicious to waste.,0,12,4,24,NULL,2025-12-16,15:00-16:00
205,onsale,Breakfast Bundle,A delicious selection of croissants and pan au chocolats.,2,12,6,25,NULL,2025-12-16,15:00-16:00
206,offsale,Breakfast Bundle,A delicious selection of croissants and pan au chocolats.,0,12,6,26,NULL,2025-12-16,18:00-19:00
207,onsale,Groceries Bundle,"A delicious selection of fresh fruit, vegetables, bakery produce, and meat.",3,16,4,27,NULL,2025-12-16,18:00-19:00
208,offsale,Groceries Bundle,"A delicious selection of fresh fruit, vegetables, bakery produce, and meat.",0,18,6,28,NULL,2025-12-16,18:00-19:00
209,onsale,Groceries Bundle,"A delicious selection of fresh fruit, vegetables, bakery produce, and meat.",2,12,4,29,NULL,2025-12-16,18:00-19:00
210,offsale,Groceries Bundle,"A delicious selection of fresh fruit, vegetables, bakery produce, and meat.",0,12,4,30,NULL,2025-12-16,18:00-19:00
211,onsale,Cake Bundle,Slices of delicious cake that are too delicious to waste.,3,16,4,1,NULL,2025-12-16,15:00-16:00
212,offsale,Wrap Bundle,Collect three freshly made wraps made for you by Comida.,0,36,9,2,NULL,2025-12-16,15:00-16:00
213,onsale,Cake Bundle,Slices of delicious cake that are too delicious to waste.,2,16,4,3,NULL,2025-12-16,15:00-16:00
214,offsale,Cake Bundle,Slices of delicious cake that are too delicious to waste.,0,16,4,4,NULL,2025-12-16,15:00-16:00
215,onsale,Cake Bundle,Slices of delicious cake that are too delicious to waste.,3,16,4,5,NULL,2025-12-16,15:00-16:00
216,offsale,Dish of the Day Bundle,Collect a serving of the Dish of the Day for only £1,0,2.35,1,6,NULL,2025-12-16,15:00-16:00
217,onsale,Cooked Breakfast Bundle,"Collect various breakfast foods including sausages, hash browns, and bacon.",2,15,5,7,NULL,2025-12-16,18:00-19:00
218,offsale,Brownie Bundle,Collect 4 delicious chocolate brownie slices.,0,16,8,8,NULL,2025-12-16,18:00-19:00
219,onsale,Pasties & Pies,A delicious assortment of freshly-baked pasties and pies.,3,16,8,9,NULL,2025-12-16,18:00-19:00
220,offsale,Sandwiches & Baguettes,A delicious assortment of freshly-made sandwiches and baguettes,0,13,6.5,10,NULL,2025-12-16,18:00-19:00
221,onsale,Meal Deal Bundle,Collect a freshly-made sandwich along with a snack and a soft drink.,2,5,2.5,11,NULL,2026-01-16,15:00-16:00
222,offsale,Hot Food Bundle,Collect a delicious assortment of hot food including pizzas and burgers,0,30,10,12,NULL,2026-01-16,15:00-16:00
223,onsale,Hot Food Bundle,Collect a delicious assortment of hot food including pizzas and burgers,3,30,10,13,NULL,2026-01-16,15:00-16:00
224,offsale,Sandwiches & Baguettes,A delicious assortment of freshly-made sandwiches and baguettes,0,12,6,14,NULL,2026-01-16,15:00-16:00
225,onsale,Cake Bundle,Slices of delicious cake that are too delicious to waste.,2,16,4,15,NULL,2026-01-16,15:00-16:00
226,offsale,Groceries Bundle,"A delicious selection of fresh fruit, vegetables, bakery produce, and meat.",0,15,7.5,16,NULL,2026-01-16,14:00-15:00
227,onsale,Groceries Bundle,"A delicious selection of fresh fruit, vegetables, bakery produce, and meat.",3,15,7.5,17,NULL,2026-01-16,15:00-16:00
228,offsale,Groceries Bundle,"A delicious selection of fresh fruit, vegetables, bakery produce, and meat.",0,15,7.5,18,NULL,2026-01-16,15:00-16:00
229,onsale,Groceries Bundle,"A delicious selection of fresh fruit, vegetables, bakery produce, and meat.",2,15,7.5,19,NULL,2026-01-16,15:00-16:00
230,offsale,Groceries Bundle,"A delicious selection of fresh fruit, vegetables, bakery produce, and meat.",0,15,7.5,20,NULL,2026-01-16,15:00-16:00
231,onsale,Breakfast Bundle,A delicious selection of croissants and pan au chocolats.,3,12,6,21,NULL,2026-01-16,15:00-16:00
232,offsale,Sushi Bundle,A delicious selection of freshly-made sushi.,0,18,9,22,NULL,2026-01-16,15:00-16:00
233,onsale,Lunch Bundle,"Collect a freshly-made sandwich, a panini, and a baguette.",2,9,3,23,NULL,2026-01-16,15:00-16:00
234,offsale,Cake Bundle,Slices of delicious cake that are too delicious to waste.,0,12,4,24,NULL,2026-01-16,15:00-16:00
235,onsale,Breakfast Bundle,A delicious selection of croissants and pan au chocolats.,3,12,6,25,NULL,2026-01-16,15:00-16:00
236,offsale,Breakfast Bundle,A delicious selection of croissants and pan au chocolats.,0,12,6,26,NULL,2026-01-16,18:00-19:00
237,onsale,Groceries Bundle,"A delicious selection of fresh fruit, vegetables, bakery produce, and meat.",2,16,4,27,NULL,2026-01-16,18:00-19:00
238,offsale,Groceries Bundle,"A delicious selection of fresh fruit, vegetables, bakery produce, and meat.",0,18,6,28,NULL,2026-01-16,18:00-19:00
239,onsale,Groceries Bundle,"A delicious selection of fresh fruit, vegetables, bakery produce, and meat.",3,12,4,29,NULL,2026-01-16,18:00-19:00
240,offsale,Groceries Bundle,"A delicious selection of fresh fruit, vegetables, bakery produce, and meat.",0,12,4,30,NULL,2026-01-16,18:00-19:00
241,onsale,Cake Bundle,Slices of delicious cake that are too delicious to waste.,2,16,4,1,NULL,2026-01-16,15:00-16:00
242,offsale,Wrap Bundle,Collect three freshly made wraps made for you by Comida.,0,36,9,2,NULL,2026-01-16,15:00-16:00
243,onsale,Cake Bundle,Slices of delicious cake that are too delicious to waste.,3,16,4,3,NULL,2026-01-16,15:00-16:00
244,offsale,Cake Bundle,Slices of delicious cake that are too delicious to waste.,0,16,4,4,NULL,2026-01-16,15:00-16:00
245,onsale,Cake Bundle,Slices of delicious cake that are too delicious to waste.,2,16,4,5,NULL,2026-01-16,15:00-16:00
246,offsale,Dish of the Day Bundle,Collect a serving of the Dish of the Day for only £1,0,2.35,1,6,NULL,2026-01-16,15:00-16:00
247,onsale,Cooked Breakfast Bundle,"Collect various breakfast foods including sausages, hash browns, and bacon.",3,15,5,7,NULL,2026-01-16,18:00-19:00
248,offsale,Brownie Bundle,Collect 4 delicious chocolate brownie slices.,0,16,8,8,NULL,2026-01-16,18:00-19:00
249,onsale,Pasties & Pies,A delicious assortment of freshly-baked pasties and pies.,2,16,8,9,NULL,2026-01-16,18:00-19:00
250,offsale,Sandwiches & Baguettes,A delicious assortment of freshly-made sandwiches and baguettes,0,13,6.5,10,NULL,2026-01-16,18:00-19:00
251,onsale,Meal Deal Bundle,Collect a freshly-made sandwich along with a snack and a soft drink.,3,5,2.5,11,NULL,2026-02-16,15:00-16:00
252,offsale,Hot Food Bundle,Collect a delicious assortment of hot food including pizzas and burgers,0,30,10,12,NULL,2026-02-16,15:00-16:00
253,onsale,Hot Food Bundle,Collect a delicious assortment of hot food including pizzas and burgers,2,30,10,13,NULL,2026-02-16,15:00-16:00
254,offsale,Sandwiches & Baguettes,A delicious assortment of freshly-made sandwiches and baguettes,0,12,6,14,NULL,2026-02-16,15:00-16:00
255,onsale,Cake Bundle,Slices of delicious cake that are too delicious to waste.,3,16,4,15,NULL,2026-02-16,15:00-16:00
256,offsale,Groceries Bundle,"A delicious selection of fresh fruit, vegetables, bakery produce, and meat.",0,15,7.5,16,NULL,2026-02-16,14:00-15:00
257,onsale,Groceries Bundle,"A delicious selection of fresh fruit, vegetables, bakery produce, and meat.",2,15,7.5,17,NULL,2026-02-16,15:00-16:00
258,offsale,Groceries Bundle,"A delicious selection of fresh fruit, vegetables, bakery produce, and meat.",0,15,7.5,18,NULL,2026-02-16,15:00-16:00
259,onsale,Groceries Bundle,"A delicious selection of fresh fruit, vegetables, bakery produce, and meat.",3,15,7.5,19,NULL,2026-02-16,15:00-16:00
260,offsale,Groceries Bundle,"A delicious selection of fresh fruit, vegetables, bakery produce, and meat.",0,15,7.5,20,NULL,2026-02-16,15:00-16:00
261,onsale,Breakfast Bundle,A delicious selection of croissants and pan au chocolats.,2,12,6,21,NULL,2026-02-16,15:00-16:00
262,offsale,Sushi Bundle,A delicious selection of freshly-made sushi.,0,18,9,22,NULL,2026-02-16,15:00-16:00
263,onsale,Lunch Bundle,"Collect a freshly-made sandwich, a panini, and a baguette.",3,9,3,23,NULL,2026-02-16,15:00-16:00
264,offsale,Cake Bundle,Slices of delicious cake that are too delicious to waste.,0,12,4,24,NULL,2026-02-16,15:00-16:00
265,onsale,Breakfast Bundle,A delicious selection of croissants and pan au chocolats.,2,12,6,25,NULL,2026-02-16,15:00-16:00
266,offsale,Breakfast Bundle,A delicious selection of croissants and pan au chocolats.,0,12,6,26,NULL,2026-02-16,18:00-19:00
267,onsale,Groceries Bundle,"A delicious selection of fresh fruit, vegetables, bakery produce, and meat.",3,16,4,27,NULL,2026-02-16,18:00-19:00
268,offsale,Groceries Bundle,"A delicious selection of fresh fruit, vegetables, bakery produce, and meat.",0,18,6,28,NULL,2026-02-16,18:00-19:00
269,onsale,Groceries Bundle,"A delicious selection of fresh fruit, vegetables, bakery produce, and meat.",2,12,4,29,NULL,2026-02-16,18:00-19:00
270,offsale,Groceries Bundle,"A delicious selection of fresh fruit, vegetables, bakery produce, and meat.",0,12,4,30,NULL,2026-02-16,18:00-19:00
271,onsale,Cake Bundle,Slices of delicious cake that are too delicious to waste.,3,16,4,1,NULL,2026-02-16,15:00-16:00
272,offsale,Wrap Bundle,Collect three freshly made wraps made for you by Comida.,0,36,9,2,NULL,2026-02-16,15:00-16:00
273,onsale,Cake Bundle,Slices of delicious cake that are too delicious to waste.,2,16,4,3,NULL,2026-02-16,15:00-16:00
274,offsale,Cake Bundle,Slices of delicious cake that are too delicious to waste.,0,16,4,4,NULL,2026-02-16,15:00-16:00
275,onsale,Cake Bundle,Slices of delicious cake that are too delicious to waste.,3,16,4,5,NULL,2026-02-16,15:00-16:00
276,offsale,Dish of the Day Bundle,Collect a serving of the Dish of the Day for only £1,0,2.35,1,6,NULL,2026-02-16,15:00-16:00
277,onsale,Cooked Breakfast Bundle,"Collect various breakfast foods including sausages, hash browns, and bacon.",2,15,5,7,NULL,2026-02-16,18:00-19:00
278,offsale,Brownie Bundle,Collect 4 delicious chocolate brownie slices.,0,16,8,8,NULL,2026-02-16,18:00-19:00
279,onsale,Pasties & Pies,A delicious assortment of freshly-baked pasties and pies.,3,16,8,9,NULL,2026-02-16,18:00-19:00
280,offsale,Sandwiches & Baguettes,A delicious assortment of freshly-made sandwiches and baguettes,0,13,6.5,10,NULL,2026-02-16,18:00-19:00
281,onsale,Meal Deal Bundle,Collect a freshly-made sandwich along with a snack and a soft drink.,2,5,2.5,11,NULL,2026-03-16,15:00-16:00
282,offsale,Hot Food Bundle,Collect a delicious assortment of hot food including pizzas and burgers,0,30,10,12,NULL,2026-03-16,15:00-16:00
283,onsale,Hot Food Bundle,Collect a delicious assortment of hot food including pizzas and burgers,3,30,10,13,NULL,2026-03-16,15:00-16:00
284,offsale,Sandwiches & Baguettes,A delicious assortment of freshly-made sandwiches and baguettes,0,12,6,14,NULL,2026-03-16,15:00-16:00
285,onsale,Cake Bundle,Slices of delicious cake that are too delicious to waste.,2,16,4,15,NULL,2026-03-16,15:00-16:00
286,offsale,Groceries Bundle,"A delicious selection of fresh fruit, vegetables, bakery produce, and meat.",0,15,7.5,16,NULL,2026-03-16,14:00-15:00
287,onsale,Groceries Bundle,"A delicious selection of fresh fruit, vegetables, bakery produce, and meat.",3,15,7.5,17,NULL,2026-03-16,15:00-16:00
288,offsale,Groceries Bundle,"A delicious selection of fresh fruit, vegetables, bakery produce, and meat.",0,15,7.5,18,NULL,2026-03-16,15:00-16:00
289,onsale,Groceries Bundle,"A delicious selection of fresh fruit, vegetables, bakery produce, and meat.",2,15,7.5,19,NULL,2026-03-16,15:00-16:00
290,offsale,Groceries Bundle,"A delicious selection of fresh fruit, vegetables, bakery produce, and meat.",0,15,7.5,20,NULL,2026-03-16,15:00-16:00
291,onsale,Breakfast Bundle,A delicious selection of croissants and pan au chocolats.,3,12,6,21,NULL,2026-03-16,15:00-16:00
292,offsale,Sushi Bundle,A delicious selection of freshly-made sushi.,0,18,9,22,NULL,2026-03-16,15:00-16:00
293,onsale,Lunch Bundle,"Collect a freshly-made sandwich, a panini, and a baguette.",2,9,3,23,NULL,2026-03-16,15:00-16:00
294,offsale,Cake Bundle,Slices of delicious cake that are too delicious to waste.,0,12,4,24,NULL,2026-03-16,15:00-16:00
295,onsale,Breakfast Bundle,A delicious selection of croissants and pan au chocolats.,3,12,6,25,NULL,2026-03-16,15:00-16:00
296,offsale,Breakfast Bundle,A delicious selection of croissants and pan au chocolats.,0,12,6,26,NULL,2026-03-16,18:00-19:00
297,onsale,Groceries Bundle,"A delicious selection of fresh fruit, vegetables, bakery produce, and meat.",2,16,4,27,NULL,2026-03-16,18:00-19:00
298,offsale,Groceries Bundle,"A delicious selection of fresh fruit, vegetables, bakery produce, and meat.",0,18,6,28,NULL,2026-03-16,18:00-19:00
299,onsale,Groceries Bundle,"A delicious selection of fresh fruit, vegetables, bakery produce, and meat.",3,12,4,29,NULL,2026-03-16,18:00-19:00
300,offsale,Groceries Bundle,"A delicious selection of fresh fruit, vegetables, bakery produce, and meat.",0,12,4,30,NULL,2026-03-16,18:00-19:00
301,onsale,Cake Bundle,Slices of delicious cake that are too delicious to waste.,2,16,4,1,NULL,2026-03-16,15:00-16:00
302,offsale,Wrap Bundle,Collect three freshly made wraps made for you by Comida.,0,36,9,2,NULL,2026-03-16,15:00-16:00
303,onsale,Cake Bundle,Slices of delicious cake that are too delicious to waste.,3,16,4,3,NULL,2026-03-16,15:00-16:00
304,offsale,Cake Bundle,Slices of delicious cake that are too delicious to waste.,0,16,4,4,NULL,2026-03-16,15:00-16:00
305,onsale,Cake Bundle,Slices of delicious cake that are too delicious to waste.,2,16,4,5,NULL,2026-03-16,15:00-16:00
306,offsale,Dish of the Day Bundle,Collect a serving of the Dish of the Day for only £1,0,2.35,1,6,NULL,2026-03-16,15:00-16:00
307,onsale,Cooked Breakfast Bundle,"Collect various breakfast foods including sausages, hash browns, and bacon.",3,15,5,7,NULL,2026-03-16,18:00-19:00
308,offsale,Brownie Bundle,Collect 4 delicious chocolate brownie slices.,0,16,8,8,NULL,2026-03-16,18:00-19:00
309,onsale,Pasties & Pies,A delicious assortment of freshly-baked pasties and pies.,2,16,8,9,NULL,2026-03-16,18:00-19:00
310,offsale,Sandwiches & Baguettes,A delicious assortment of freshly-made sandwiches and baguettes,0,13,6.5,10,NULL,2026-03-16,18:00-19:00
311,onsale,Meal Deal Bundle,Collect a freshly-made sandwich along with a snack and a soft drink.,3,5,2.5,11,NULL,2026-04-16,15:00-16:00
312,offsale,Hot Food Bundle,Collect a delicious assortment of hot food including pizzas and burgers,0,30,10,12,NULL,2026-04-16,15:00-16:00
313,onsale,Hot Food Bundle,Collect a delicious assortment of hot food including pizzas and burgers,2,30,10,13,NULL,2026-04-16,15:00-16:00
314,offsale,Sandwiches & Baguettes,A delicious assortment of freshly-made sandwiches and baguettes,0,12,6,14,NULL,2026-04-16,15:00-16:00
315,onsale,Cake Bundle,Slices of delicious cake that are too delicious to waste.,3,16,4,15,NULL,2026-04-16,15:00-16:00
316,offsale,Groceries Bundle,"A delicious selection of fresh fruit, vegetables, bakery produce, and meat.",0,15,7.5,16,NULL,2026-04-16,14:00-15:00
317,onsale,Groceries Bundle,"A delicious selection of fresh fruit, vegetables, bakery produce, and meat.",2,15,7.5,17,NULL,2026-04-16,15:00-16:00
318,offsale,Groceries Bundle,"A delicious selection of fresh fruit, vegetables, bakery produce, and meat.",0,15,7.5,18,NULL,2026-04-16,15:00-16:00
319,onsale,Groceries Bundle,"A delicious selection of fresh fruit, vegetables, bakery produce, and meat.",3,15,7.5,19,NULL,2026-04-16,15:00-16:00
320,offsale,Groceries Bundle,"A delicious selection of fresh fruit, vegetables, bakery produce, and meat.",0,15,7.5,20,NULL,2026-04-16,15:00-16:00
321,onsale,Breakfast Bundle,A delicious selection of croissants and pan au chocolats.,2,12,6,21,NULL,2026-04-16,15:00-16:00
322,offsale,Sushi Bundle,A delicious selection of freshly-made sushi.,0,18,9,22,NULL,2026-04-16,15:00-16:00
323,onsale,Lunch Bundle,"Collect a freshly-made sandwich, a panini, and a baguette.",3,9,3,23,NULL,2026-04-16,15:00-16:00
324,offsale,Cake Bundle,Slices of delicious cake that are too delicious to waste.,0,12,4,24,NULL,2026-04-16,15:00-16:00
325,onsale,Breakfast Bundle,A delicious selection of croissants and pan au chocolats.,2,12,6,25,NULL,2026-04-16,15:00-16:00
326,offsale,Breakfast Bundle,A delicious selection of croissants and pan au chocolats.,0,12,6,26,NULL,2026-04-16,18:00-19:00
327,onsale,Groceries Bundle,"A delicious selection of fresh fruit, vegetables, bakery produce, and meat.",3,16,4,27,NULL,2026-04-16,18:00-19:00
328,offsale,Groceries Bundle,"A delicious selection of fresh fruit, vegetables, bakery produce, and meat.",0,18,6,28,NULL,2026-04-16,18:00-19:00
329,onsale,Groceries Bundle,"A delicious selection of fresh fruit, vegetables, bakery produce, and meat.",2,12,4,29,NULL,2026-04-16,18:00-19:00
330,offsale,Groceries Bundle,"A delicious selection of fresh fruit, vegetables, bakery produce, and meat.",0,12,4,30,NULL,2026-04-16,18:00-19:00
331,onsale,Cake Bundle,Slices of delicious cake that are too delicious to waste.,3,16,4,1,NULL,2026-04-16,15:00-16:00
332,offsale,Wrap Bundle,Collect three freshly made wraps made for you by Comida.,0,36,9,2,NULL,2026-04-16,15:00-16:00
333,onsale,Cake Bundle,Slices of delicious cake that are too delicious to waste.,2,16,4,3,NULL,2026-04-16,15:00-16:00
334,offsale,Cake Bundle,Slices of delicious cake that are too delicious to waste.,0,16,4,4,NULL,2026-04-16,15:00-16:00
335,onsale,Cake Bundle,Slices of delicious cake that are too delicious to waste.,3,16,4,5,NULL,2026-04-16,15:00-16:00
336,offsale,Dish of the Day Bundle,Collect a serving of the Dish of the Day for only £1,0,2.35,1,6,NULL,2026-04-16,15:00-16:00
337,onsale,Cooked Breakfast Bundle,"Collect various breakfast foods including sausages, hash browns, and bacon.",2,15,5,7,NULL,2026-04-16,18:00-19:00
338,offsale,Brownie Bundle,Collect 4 delicious chocolate brownie slices.,0,16,8,8,NULL,2026-04-16,18:00-19:00
339,onsale,Pasties & Pies,A delicious assortment of freshly-baked pasties and pies.,3,16,8,9,NULL,2026-04-16,18:00-19:00
340,offsale,Sandwiches & Baguettes,A delicious assortment of freshly-made sandwiches and baguettes,0,13,6.5,10,NULL,2026-04-16,18:00-19:00
341,onsale,Meal Deal Bundle,Collect a freshly-made sandwich along with a snack and a soft drink.,2,5,2.5,11,NULL,2026-05-16,15:00-16:00
342,offsale,Hot Food Bundle,Collect a delicious assortment of hot food including pizzas and burgers,0,30,10,12,NULL,2026-05-16,15:00-16:00
343,onsale,Hot Food Bundle,Collect a delicious assortment of hot food including pizzas and burgers,3,30,10,13,NULL,2026-05-16,15:00-16:00
344,offsale,Sandwiches & Baguettes,A delicious assortment of freshly-made sandwiches and baguettes,0,12,6,14,NULL,2026-05-16,15:00-16:00
345,onsale,Cake Bundle,Slices of delicious cake that are too delicious to waste.,2,16,4,15,NULL,2026-05-16,15:00-16:00
346,offsale,Groceries Bundle,"A delicious selection of fresh fruit, vegetables, bakery produce, and meat.",0,15,7.5,16,NULL,2026-05-16,14:00-15:00
347,onsale,Groceries Bundle,"A delicious selection of fresh fruit, vegetables, bakery produce, and meat.",3,15,7.5,17,NULL,2026-05-16,15:00-16:00
348,offsale,Groceries Bundle,"A delicious selection of fresh fruit, vegetables, bakery produce, and meat.",0,15,7.5,18,NULL,2026-05-16,15:00-16:00
349,onsale,Groceries Bundle,"A delicious selection of fresh fruit, vegetables, bakery produce, and meat.",2,15,7.5,19,NULL,2026-05-16,15:00-16:00
350,offsale,Groceries Bundle,"A delicious selection of fresh fruit, vegetables, bakery produce, and meat.",0,15,7.5,20,NULL,2026-05-16,15:00-16:00
351,onsale,Breakfast Bundle,A delicious selection of croissants and pan au chocolats.,3,12,6,21,NULL,2026-05-16,15:00-16:00
352,offsale,Sushi Bundle,A delicious selection of freshly-made sushi.,0,18,9,22,NULL,2026-05-16,15:00-16:00
353,onsale,Lunch Bundle,"Collect a freshly-made sandwich, a panini, and a baguette.",2,9,3,23,NULL,2026-05-16,15:00-16:00
354,offsale,Cake Bundle,Slices of delicious cake that are too delicious to waste.,0,12,4,24,NULL,2026-05-16,15:00-16:00
355,onsale,Breakfast Bundle,A delicious selection of croissants and pan au chocolats.,3,12,6,25,NULL,2026-05-16,15:00-16:00
356,offsale,Breakfast Bundle,A delicious selection of croissants and pan au chocolats.,0,12,6,26,NULL,2026-05-16,18:00-19:00
357,onsale,Groceries Bundle,"A delicious selection of fresh fruit, vegetables, bakery produce, and meat.",2,16,4,27,NULL,2026-05-16,18:00-19:00
358,offsale,Groceries Bundle,"A delicious selection of fresh fruit, vegetables, bakery produce, and meat.",0,18,6,28,NULL,2026-05-16,18:00-19:00
359,onsale,Groceries Bundle,"A delicious selection of fresh fruit, vegetables, bakery produce, and meat.",3,12,4,29,NULL,2026-05-16,18:00-19:00
360,offsale,Groceries Bundle,"A delicious selection of fresh fruit, vegetables, bakery produce, and meat.",0,12,4,30,NULL,2026-05-16,18:00-19:00
361,onsale,Cake Bundle,Slices of delicious cake that are too delicious to waste.,2,16,4,1,NULL,2026-05-16,15:00-16:00
362,offsale,Wrap Bundle,Collect three freshly made wraps made for you by Comida.,0,36,9,2,NULL,2026-05-16,15:00-16:00
363,onsale,Cake Bundle,Slices of delicious cake that are too delicious to waste.,3,16,4,3,NULL,2026-05-16,15:00-16:00
364,offsale,Cake Bundle,Slices of delicious cake that are too delicious to waste.,0,16,4,4,NULL,2026-05-16,15:00-16:00
365,onsale,Cake Bundle,Slices of delicious cake that are too delicious to waste.,2,16,4,5,NULL,2026-05-16,15:00-16:00
366,offsale,Dish of the Day Bundle,Collect a serving of the Dish of the Day for only £1,0,2.35,1,6,NULL,2026-05-16,15:00-16:00
367,onsale,Cooked Breakfast Bundle,"Collect various breakfast foods including sausages, hash browns, and bacon.",3,15,5,7,NULL,2026-05-16,18:00-19:00
368,offsale,Brownie Bundle,Collect 4 delicious chocolate brownie slices.,0,16,8,8,NULL,2026-05-16,18:00-19:00
369,onsale,Pasties & Pies,A delicious assortment of freshly-baked pasties and pies.,2,16,8,9,NULL,2026-05-16,18:00-19:00
370,offsale,Sandwiches & Baguettes,A delicious assortment of freshly-made sandwiches and baguettes,0,13,6.5,10,NULL,2026-05-16,18:00-19:00
371,onsale,Meal Deal Bundle,Collect a freshly-made sandwich along with a snack and a soft drink.,3,5,2.5,11,NULL,2026-06-16,15:00-16:00
372,offsale,Hot Food Bundle,Collect a delicious assortment of hot food including pizzas and burgers,0,30,10,12,NULL,2026-06-16,15:00-16:00
373,onsale,Hot Food Bundle,Collect a delicious assortment of hot food including pizzas and burgers,2,30,10,13,NULL,2026-06-16,15:00-16:00
374,offsale,Sandwiches & Baguettes,A delicious assortment of freshly-made sandwiches and baguettes,0,12,6,14,NULL,2026-06-16,15:00-16:00
375,onsale,Cake Bundle,Slices of delicious cake that are too delicious to waste.,3,16,4,15,NULL,2026-06-16,15:00-16:00
376,offsale,Groceries Bundle,"A delicious selection of fresh fruit, vegetables, bakery produce, and meat.",0,15,7.5,16,NULL,2026-06-16,14:00-15:00
377,onsale,Groceries Bundle,"A delicious selection of fresh fruit, vegetables, bakery produce, and meat.",2,15,7.5,17,NULL,2026-06-16,15:00-16:00
378,offsale,Groceries Bundle,"A delicious selection of fresh fruit, vegetables, bakery produce, and meat.",0,15,7.5,18,NULL,2026-06-16,15:00-16:00
379,onsale,Groceries Bundle,"A delicious selection of fresh fruit, vegetables, bakery produce, and meat.",3,15,7.5,19,NULL,2026-06-16,15:00-16:00
380,offsale,Groceries Bundle,"A delicious selection of fresh fruit, vegetables, bakery produce, and meat.",0,15,7.5,20,NULL,2026-06-16,15:00-16:00
381,onsale,Breakfast Bundle,A delicious selection of croissants and pan au chocolats.,2,12,6,21,NULL,2026-06-16,15:00-16:00
382,offsale,Sushi Bundle,A delicious selection of freshly-made sushi.,0,18,9,22,NULL,2026-06-16,15:00-16:00
383,onsale,Lunch Bundle,"Collect a freshly-made sandwich, a panini, and a baguette.",3,9,3,23,NULL,2026-06-16,15:00-16:00
384,offsale,Cake Bundle,Slices of delicious cake that are too delicious to waste.,0,12,4,24,NULL,2026-06-16,15:00-16:00
385,onsale,Breakfast Bundle,A delicious selection of croissants and pan au chocolats.,2,12,6,25,NULL,2026-06-16,15:00-16:00
386,offsale,Breakfast Bundle,A delicious selection of croissants and pan au chocolats.,0,12,6,26,NULL,2026-06-16,18:00-19:00
387,onsale,Groceries Bundle,"A delicious selection of fresh fruit, vegetables, bakery produce, and meat.",3,16,4,27,NULL,2026-06-16,18:00-19:00
388,offsale,Groceries Bundle,"A delicious selection of fresh fruit, vegetables, bakery produce, and meat.",0,18,6,28,NULL,2026-06-16,18:00-19:00
389,onsale,Groceries Bundle,"A delicious selection of fresh fruit, vegetables, bakery produce, and meat.",2,12,4,29,NULL,2026-06-16,18:00-19:00
390,offsale,Groceries Bundle,"A delicious selection of fresh fruit, vegetables, bakery produce, and meat.",0,12,4,30,NULL,2026-06-16,18:00-19:00
391,onsale,Cake Bundle,Slices of delicious cake that are too delicious to waste.,3,16,4,1,NULL,2026-06-16,15:00-16:00
392,offsale,Wrap Bundle,Collect three freshly made wraps made for you by Comida.,0,36,9,2,NULL,2026-06-16,15:00-16:00
393,onsale,Cake Bundle,Slices of delicious cake that are too delicious to waste.,2,16,4,3,NULL,2026-06-16,15:00-16:00
394,offsale,Cake Bundle,Slices of delicious cake that are too delicious to waste.,0,16,4,4,NULL,2026-06-16,15:00-16:00
395,onsale,Cake Bundle,Slices of delicious cake that are too delicious to waste.,3,16,4,5,NULL,2026-06-16,15:00-16:00
396,offsale,Dish of the Day Bundle,Collect a serving of the Dish of the Day for only £1,0,2.35,1,6,NULL,2026-06-16,15:00-16:00
397,onsale,Cooked Breakfast Bundle,"Collect various breakfast foods including sausages, hash browns, and bacon.",2,15,5,7,NULL,2026-06-16,18:00-19:00
398,offsale,Brownie Bundle,Collect 4 delicious chocolate brownie slices.,0,16,8,8,NULL,2026-06-16,18:00-19:00
399,onsale,Pasties & Pies,A delicious assortment of freshly-baked pasties and pies.,3,16,8,9,NULL,2026-06-16,18:00-19:00
400,offsale,Sandwiches & Baguettes,A delicious assortment of freshly-made sandwiches and baguettes,0,13,6.5,10,NULL,2026-06-16,18:00-19:00
