reservationID,bundleID,purchaserID,reservationStatus,claimCode
1,1,1,active,COM2020_001
2,2,2,completed,COM2020_002
3,3,3,no-show,COM2020_003
4,4,4,cancelled,COM2020_004
5,5,5,active,COM2020_005
6,6,6,completed,COM2020_006
7,7,7,no-show,COM2020_007
8,8,8,cancelled,COM2020_008
9,9,9,active,COM2020_009
10,10,10,completed,COM2020_010
11,11,11,no-show,COM2020_011
12,12,12,cancelled,COM2020_012
13,13,13,active,COM2020_013
14,14,14,completed,COM2020_014
15,15,15,no-show,COM2020_015
16,16,16,cancelled,COM2020_016
17,17,17,active,COM2020_017
18,18,18,completed,COM2020_018
19,19,19,no-show,COM2020_019
20,20,20,cancelled,COM2020_020
21,21,21,active,COM2020_021
22,22,22,completed,COM2020_022
23,23,23,no-show,COM2020_023
24,24,24,cancelled,COM2020_024
25,25,25,active,COM2020_025
26,26,26,completed,COM2020_026
27,27,27,no-show,COM2020_027
28,28,28,cancelled,COM2020_028
29,29,29,active,COM2020_029
30,30,30,completed,COM2020_030
31,31,31,no-show,COM2020_031
32,32,32,cancelled,COM2020_032
33,33,1,active,COM2020_033
34,34,2,completed,COM2020_034
35,35,3,no-show,COM2020_035
36,36,4,cancelled,COM2020_036
37,37,5,active,COM2020_037
38,38,6,completed,COM2020_038
39,39,7,no-show,COM2020_039
40,40,8,cancelled,COM2020_040
41,41,9,active,COM2020_041
42,42,10,completed,COM2020_042
43,43,11,no-show,COM2020_043
44,44,12,cancelled,COM2020_044
45,45,13,active,COM2020_045
46,46,14,completed,COM2020_046
47,47,15,no-show,COM2020_047
48,48,16,cancelled,COM2020_048
49,49,17,active,COM2020_049
50,50,18,completed,COM2020_050
51,51,19,no-show,COM2020_051
52,52,20,cancelled,COM2020_052
53,53,21,active,COM2020_053
54,54,22,completed,COM2020_054
55,55,23,no-show,COM2020_055
56,56,24,cancelled,COM2020_056
57,57,25,active,COM2020_057
58,58,26,completed,COM2020_058
59,59,27,no-show,COM2020_059
60,60,28,cancelled,COM2020_060
61,61,29,active,COM2020_061
62,62,30,completed,COM2020_062
63,63,31,no-show,COM2020_063
64,64,32,cancelled,COM2020_064
65,65,1,active,COM2020_065
66,66,2,completed,COM2020_066
67,67,3,no-show,COM2020_067
68,68,4,cancelled,COM2020_068
69,69,5,active,COM2020_069
70,70,6,completed,COM2020_070
71,71,7,no-show,COM2020_071
72,72,8,cancelled,COM2020_072
73,73,9,active,COM2020_073
74,74,10,completed,COM2020_074
75,75,11,no-show,COM2020_075
76,76,12,cancelled,COM2020_076
77,77,13,active,COM2020_077
78,78,14,completed,COM2020_078
79,79,15,no-show,COM2020_079
80,80,16,cancelled,COM2020_080
81,81,17,active,COM2020_081
82,82,18,completed,COM2020_082
83,83,19,no-show,COM2020_083
84,84,20,cancelled,COM2020_084
85,85,21,active,COM2020_085
86,86,22,completed,COM2020_086
87,87,23,no-show,COM2020_087
88,88,24,cancelled,COM2020_088
89,89,25,active,COM2020_089
90,90,26,completed,COM2020_090
91,91,27,no-show,COM2020_091
92,92,28,cancelled,COM2020_092
93,93,29,active,COM2020_093
94,94,30,completed,COM2020_094
95,95,31,no-show,COM2020_095
96,96,32,cancelled,COM2020_096
97,97,1,active,COM2020_097
98,98,2,completed,COM2020_098
99,99,3,no-show,COM2020_099
100,100,4,cancelled,COM2020_100
101,101,5,active,COM2020_101
102,102,6,completed,COM2020_102
103,103,7,no-show,COM2020_103
104,104,8,cancelled,COM2020_104
105,105,9,active,COM2020_105
106,106,10,completed,COM2020_106
107,107,11,no-show,COM2020_107
108,108,12,cancelled,COM2020_108
109,109,13,active,COM2020_109
110,110,14,completed,COM2020_110
111,111,15,no-show,COM2020_111
112,112,16,cancelled,COM2020_112
113,113,17,active,COM2020_113
114,114,18,completed,COM2020_114
115,115,19,no-show,COM2020_115
116,116,20,cancelled,COM2020_116
117,117,21,active,COM2020_117
118,118,22,completed,COM2020_118
119,119,23,no-show,COM2020_119
120,120,24,cancelled,COM2020_120
121,121,25,active,COM2020_121
122,122,26,completed,COM2020_122
123,123,27,no-show,COM2020_123
124,124,28,cancelled,COM2020_124
125,125,29,active,COM2020_125
126,126,30,completed,COM2020_126
127,127,31,no-show,COM2020_127
128,128,32,cancelled,COM2020_128
129,129,1,active,COM2020_129
130,130,2,completed,COM2020_130
131,131,3,no-show,COM2020_131
132,132,4,cancelled,COM2020_132
133,133,5,active,COM2020_133
134,134,6,completed,COM2020_134
135,135,7,no-show,COM2020_135
136,136,8,cancelled,COM2020_136
137,137,9,active,COM2020_137
138,138,10,completed,COM2020_138
139,139,11,no-show,COM2020_139
140,140,12,cancelled,COM2020_140
141,141,13,active,COM2020_141
142,142,14,completed,COM2020_142
143,143,15,no-show,COM2020_143
144,144,16,cancelled,COM2020_144
145,145,17,active,COM2020_145
146,146,18,completed,COM2020_146
147,147,19,no-show,COM2020_147
148,148,20,cancelled,COM2020_148
149,149,21,active,COM2020_149
150,150,22,completed,COM2020_150
151,151,23,no-show,COM2020_151
152,152,24,cancelled,COM2020_152
153,153,25,active,COM2020_153
154,154,26,completed,COM2020_154
155,155,27,no-show,COM2020_155
156,156,28,cancelled,COM2020_156
157,157,29,active,COM2020_157
158,158,30,completed,COM2020_158
159,159,31,no-show,COM2020_159
160,160,32,cancelled,COM2020_160
161,161,1,active,COM2020_161
162,162,2,completed,COM2020_162
163,163,3,no-show,COM2020_163
164,164,4,cancelled,COM2020_164
165,165,5,active,COM2020_165
166,166,6,completed,COM2020_166
167,167,7,no-show,COM2020_167
168,168,8,cancelled,COM2020_168
169,169,9,active,COM2020_169
170,170,10,completed,COM2020_170
171,171,11,no-show,COM2020_171
172,172,12,cancelled,COM2020_172
173,173,13,active,COM2020_173
174,174,14,completed,COM2020_174
175,175,15,no-show,COM2020_175
176,176,16,cancelled,COM2020_176
177,177,17,active,COM2020_177
178,178,18,completed,COM2020_178
179,179,19,no-show,COM2020_179
180,180,20,cancelled,COM2020_180
181,181,21,active,COM2020_181
182,182,22,completed,COM2020_182
183,183,23,no-show,COM2020_183
184,184,24,cancelled,COM2020_184
185,185,25,active,COM2020_185
186,186,26,completed,COM2020_186
187,187,27,no-show,COM2020_187
188,188,28,cancelled,COM2020_188
189,189,29,active,COM2020_189
190,190,30,completed,COM2020_190
191,191,31,no-show,COM2020_191
192,192,32,cancelled,COM2020_192
193,193,1,active,COM2020_193
194,194,2,completed,COM2020_194
195,195,3,no-show,COM2020_195
196,196,4,cancelled,COM2020_196
197,197,5,active,COM2020_197
198,198,6,completed,COM2020_198
199,199,7,no-show,COM2020_199
200,200,8,cancelled,COM2020_200
201,201,9,active,COM2020_201
202,202,10,completed,COM2020_202
203,203,11,no-show,COM2020_203
204,204,12,cancelled,COM2020_204
205,205,13,active,COM2020_205
206,206,14,completed,COM2020_206
207,207,15,no-show,COM2020_207
208,208,16,cancelled,COM2020_208
209,209,17,active,COM2020_209
210,210,18,completed,COM2020_210
211,211,19,no-show,COM2020_211
212,212,20,cancelled,COM2020_212
213,213,21,active,COM2020_213
214,214,22,completed,COM2020_214
215,215,23,no-show,COM2020_215
216,216,24,cancelled,COM2020_216
217,217,25,active,COM2020_217
218,218,26,completed,COM2020_218
219,219,27,no-show,COM2020_219
220,220,28,cancelled,COM2020_220
221,221,29,active,COM2020_221
222,222,30,completed,COM2020_222
223,223,31,no-show,COM2020_223
224,224,32,cancelled,COM2020_224
225,225,1,active,COM2020_225
226,226,2,completed,COM2020_226
227,227,3,no-show,COM2020_227
228,228,4,cancelled,COM2020_228
229,229,5,active,COM2020_229
230,230,6,completed,COM2020_230
231,231,7,no-show,COM2020_231
232,232,8,cancelled,COM2020_232
233,233,9,active,COM2020_233
234,234,10,completed,COM2020_234
235,235,11,no-show,COM2020_235
236,236,12,cancelled,COM2020_236
237,237,13,active,COM2020_237
238,238,14,completed,COM2020_238
239,239,15,no-show,COM2020_239
240,240,16,cancelled,COM2020_240
241,241,17,active,COM2020_241
242,242,18,completed,COM2020_242
243,243,19,no-show,COM2020_243
244,244,20,cancelled,COM2020_244
245,245,21,active,COM2020_245
246,246,22,completed,COM2020_246
247,247,23,no-show,COM2020_247
248,248,24,cancelled,COM2020_248
249,249,25,active,COM2020_249
250,250,26,completed,COM2020_250
251,251,27,no-show,COM2020_251
252,252,28,cancelled,COM2020_252
253,253,29,active,COM2020_253
254,254,30,completed,COM2020_254
255,255,31,no-show,COM2020_255
256,256,32,cancelled,COM2020_256
257,257,1,active,COM2020_257
258,258,2,completed,COM2020_258
259,259,3,no-show,COM2020_259
260,260,4,cancelled,COM2020_260
261,261,5,active,COM2020_261
262,262,6,completed,COM2020_262
263,263,7,no-show,COM2020_263
264,264,8,cancelled,COM2020_264
265,265,9,active,COM2020_265
266,266,10,completed,COM2020_266
267,267,11,no-show,COM2020_267
268,268,12,cancelled,COM2020_268
269,269,13,active,COM2020_269
270,270,14,completed,COM2020_270
271,271,15,no-show,COM2020_271
272,272,16,cancelled,COM2020_272
273,273,17,active,COM2020_273
274,274,18,completed,COM2020_274
275,275,19,no-show,COM2020_275
276,276,20,cancelled,COM2020_276
277,277,21,active,COM2020_277
278,278,22,completed,COM2020_278
279,279,23,no-show,COM2020_279
280,280,24,cancelled,COM2020_280
281,281,25,active,COM2020_281
282,282,26,completed,COM2020_282
283,283,27,no-show,COM2020_283
284,284,28,cancelled,COM2020_284
285,285,29,active,COM2020_285
286,286,30,completed,COM2020_286
287,287,31,no-show,COM2020_287
288,288,32,cancelled,COM2020_288
289,289,1,active,COM2020_289
290,290,2,completed,COM2020_290
291,291,3,no-show,COM2020_291
292,292,4,cancelled,COM2020_292
293,293,5,active,COM2020_293
294,294,6,completed,COM2020_294
295,295,7,no-show,COM2020_295
296,296,8,cancelled,COM2020_296
297,297,9,active,COM2020_297
298,298,10,completed,COM2020_298
299,299,11,no-show,COM2020_299
300,300,12,cancelled,COM2020_300
301,301,13,active,COM2020_301
302,302,14,completed,COM2020_302
303,303,15,no-show,COM2020_303
304,304,16,cancelled,COM2020_304
305,305,17,active,COM2020_305
306,306,18,completed,COM2020_306
307,307,19,no-show,COM2020_307
308,308,20,cancelled,COM2020_308
309,309,21,active,COM2020_309
310,310,22,completed,COM2020_310
311,311,23,no-show,COM2020_311
312,312,24,cancelled,COM2020_312
313,313,25,active,COM2020_313
314,314,26,completed,COM2020_314
315,315,27,no-show,COM2020_315
316,316,28,cancelled,COM2020_316
317,317,29,active,COM2020_317
318,318,30,completed,COM2020_318
319,319,31,no-show,COM2020_319
320,320,32,cancelled,COM2020_320
321,321,1,active,COM2020_321
322,322,2,completed,COM2020_322
323,323,3,no-show,COM2020_323
324,324,4,cancelled,COM2020_324
325,325,5,active,COM2020_325
326,326,6,completed,COM2020_326
327,327,7,no-show,COM2020_327
328,328,8,cancelled,COM2020_328
329,329,9,active,COM2020_329
330,330,10,completed,COM2020_330
331,331,11,no-show,COM2020_331
332,332,12,cancelled,COM2020_332
333,333,13,active,COM2020_333
334,334,14,completed,COM2020_334
335,335,15,no-show,COM2020_335
336,336,16,cancelled,COM2020_336
337,337,17,active,COM2020_337
338,338,18,completed,COM2020_338
339,339,19,no-show,COM2020_339
340,340,20,cancelled,COM2020_340
341,341,21,active,COM2020_341
342,342,22,completed,COM2020_342
343,343,23,no-show,COM2020_343
344,344,24,cancelled,COM2020_344
345,345,25,active,COM2020_345
346,346,26,completed,COM2020_346
347,347,27,no-show,COM2020_347
348,348,28,cancelled,COM2020_348
349,349,29,active,COM2020_349
350,350,30,completed,COM2020_350
351,351,31,no-show,COM2020_351
352,352,32,cancelled,COM2020_352
353,353,1,active,COM2020_353
354,354,2,completed,COM2020_354
355,355,3,no-show,COM2020_355
356,356,4,cancelled,COM2020_356
357,357,5,active,COM2020_357
358,358,6,completed,COM2020_358
359,359,7,no-show,COM2020_359
360,360,8,cancelled,COM2020_360
361,361,9,active,COM2020_361
362,362,10,completed,COM2020_362
363,363,11,no-show,COM2020_363
364,364,12,cancelled,COM2020_364
365,365,13,active,COM2020_365
366,366,14,completed,COM2020_366
367,367,15,no-show,COM2020_367
368,368,16,cancelled,COM2020_368
369,369,17,active,COM2020_369
370,370,18,completed,COM2020_370
371,371,19,no-show,COM2020_371
372,372,20,cancelled,COM2020_372
373,373,21,active,COM2020_373
374,374,22,completed,COM2020_374
375,375,23,no-show,COM2020_375
376,376,24,cancelled,COM2020_376
377,377,25,active,COM2020_377
378,378,26,completed,COM2020_378
379,379,27,no-show,COM2020_379
380,380,28,cancelled,COM2020_380
381,381,29,active,COM2020_381
382,382,30,completed,COM2020_382
383,383,31,no-show,COM2020_383
384,384,32,cancelled,COM2020_384
385,385,1,active,COM2020_385
386,386,2,completed,COM2020_386
387,387,3,no-show,COM2020_387
388,388,4,cancelled,COM2020_388
389,389,5,active,COM2020_389
390,390,6,completed,COM2020_390
391,391,7,no-show,COM2020_391
392,392,8,cancelled,COM2020_392
393,393,9,active,COM2020_393
394,394,10,completed,COM2020_394
395,395,11,no-show,COM2020_395
396,396,12,cancelled,COM2020_396
397,397,13,active,COM2020_397
398,398,14,completed,COM2020_398
399,399,15,no-show,COM2020_399
400,400,16,cancelled,COM2020_400
401,401,17,active,COM2020_401
402,402,18,completed,COM2020_402
403,403,19,no-show,COM2020_403
404,404,20,cancelled,COM2020_404
